{
 "single (union only)": {
  "exact": {
   "cal": [
    0.08431452277102182,
    0.003769758470841653
   ],
   "trans": [
    0.06830846499245964,
    0.001593656161723628
   ]
  },
  "addmult": {
   "cal": [
    0.1748505735813128,
    0.004157346704229727
   ],
   "trans": [
    0.10771858897490465,
    0.0038685334160653067
   ]
  },
  "top1": {
   "cal": [
    0.09388944973940382,
    0.0019312749902671428
   ],
   "trans": [
    0.07361228024888498,
    0.0009706626381334594
   ]
  },
  "top3": {
   "cal": [
    0.08459757853252829,
    0.0036362409711530514
   ],
   "trans": [
    0.06889843552460725,
    0.0012447003550504492
   ]
  },
  "minmax": {
   "cal": [
    0.11424865325228445,
    0.003014281005677829
   ],
   "trans": [
    0.08904685262732633,
    0.0026296338068006763
   ]
  }
 },
 "battery (10 pairs)": {
  "exact": {
   "cal": [
    0.07877415980476414,
    0.002697517904800295
   ],
   "trans": [
    0.0635311498672647,
    0.0010245405907975931
   ]
  },
  "addmult": {
   "cal": [
    0.09511032535570019,
    0.007341802102211259
   ],
   "trans": [
    0.1166094863751641,
    0.009773311393260863
   ]
  },
  "top1": {
   "cal": [
    0.08057882814273502,
    0.002264032473868525
   ],
   "trans": [
    0.06372202476869707,
    0.0009148320357375018
   ]
  },
  "top3": {
   "cal": [
    0.07877415980476414,
    0.002697517904800295
   ],
   "trans": [
    0.06347392166917476,
    0.0010271020699230376
   ]
  },
  "minmax": {
   "cal": [
    0.1263997867462059,
    0.0031710331320698617
   ],
   "trans": [
    0.08121832154870816,
    0.004091132392409321
   ]
  }
 }
}