{
 "config": {
  "batch": 64,
  "control": {
   "digits": [
    0,
    1,
    2
   ],
   "held_terms": [
    [
     0,
     0
    ],
    [
     1,
     1
    ],
    [
     2,
     2
    ]
   ],
   "suts": [
    "exact",
    "addmult",
    "top1",
    "top3",
    "minmax",
    "ltn_product",
    "ltn_godel"
   ],
   "train_terms": [
    [
     0,
     2
    ],
    [
     1,
     1
    ],
    [
     2,
     0
    ]
   ]
  },
  "epochs": 6,
  "hidden": 128,
  "lr": 0.001,
  "n_test": 1500,
  "n_train": 3000,
  "seeds": [
   0,
   1,
   2
  ],
  "treatment": {
   "grid": 3,
   "held_queries": [
    [
     0
    ],
    [
     2
    ],
    [
     5
    ],
    [
     0,
     1,
     2
    ],
    [
     3,
     4,
     5
    ]
   ],
   "suts": [
    "exact",
    "addmult",
    "top1",
    "top3",
    "minmax",
    "ltn_product",
    "ltn_godel"
   ]
  }
 },
 "config_sha256": "be4b3895579e51117d9018b534d15d9fd46e27c4999bb2fac7d3b9ececfeeb40",
 "control": {
  "addmult": {
   "acc": [
    0.8328888888888889,
    0.108784984439518
   ],
   "trans": [
    0.22131647924220524,
    0.14234420334794776
   ]
  },
  "exact": {
   "acc": [
    0.8328888888888889,
    0.108784984439518
   ],
   "trans": [
    0.22131647924220524,
    0.14234420334794776
   ]
  },
  "ltn_godel": {
   "acc": [
    0.8097777777777778,
    0.1251373566313887
   ],
   "trans": [
    0.23591995398624044,
    0.1511157442933681
   ]
  },
  "ltn_product": {
   "acc": [
    0.7971111111111111,
    0.1354546072205887
   ],
   "trans": [
    0.2300459678908552,
    0.148100056702856
   ]
  },
  "minmax": {
   "acc": [
    0.8097777777777778,
    0.1251373566313887
   ],
   "trans": [
    0.23591995398624044,
    0.1511157442933681
   ]
  },
  "top1": {
   "acc": [
    0.9873333333333333,
    0.005524356842069352
   ],
   "trans": [
    0.019398991521354044,
    0.0035257158336000505
   ]
  },
  "top3": {
   "acc": [
    0.8328888888888889,
    0.108784984439518
   ],
   "trans": [
    0.22131647924220524,
    0.14234420334794776
   ]
  }
 },
 "experiment": "E5-mnist",
 "package_version": "0.1.0.dev0",
 "treatment": {
  "addmult": {
   "acc": [
    0.9344444444444444,
    0.005820355934981674
   ],
   "fq": [
    0.04001699716994062,
    0.0012155898362789816
   ],
   "perc": [
    0.15972289637776635,
    0.015863423279440684
   ],
   "trans": [
    0.03978996977456117,
    0.0016246127063544783
   ]
  },
  "exact": {
   "acc": [
    0.9517777777777777,
    0.0029979416807182635
   ],
   "fq": [
    0.030634365748376524,
    0.000883987710505853
   ],
   "perc": [
    0.09702689618073278,
    0.00808185956972928
   ],
   "trans": [
    0.030634365748376524,
    0.000883987710505853
   ]
  },
  "ltn_godel": {
   "acc": [
    0.9395555555555556,
    0.005717635702341607
   ],
   "fq": [
    0.03563562255767814,
    0.0015527879257363332
   ],
   "perc": [
    0.14042808131420878,
    0.006149167165679548
   ],
   "trans": [
    0.03834751349915081,
    0.0023440583262517444
   ]
  },
  "ltn_product": {
   "acc": [
    0.9482222222222222,
    0.0019116278371206013
   ],
   "fq": [
    0.03305565038924316,
    0.0015264235263032964
   ],
   "perc": [
    0.1169551351179342,
    0.006819385833669429
   ],
   "trans": [
    0.0328803952298887,
    0.0018509531395786048
   ]
  },
  "minmax": {
   "acc": [
    0.9395555555555556,
    0.005717635702341607
   ],
   "fq": [
    0.03563562255767814,
    0.0015527879257363332
   ],
   "perc": [
    0.14042808131420878,
    0.006149167165679548
   ],
   "trans": [
    0.03834751349915081,
    0.0023440583262517444
   ]
  },
  "top1": {
   "acc": [
    0.9506666666666668,
    0.0024944382578492965
   ],
   "fq": [
    0.0305169280595957,
    0.0007711482113489181
   ],
   "perc": [
    0.09514558066040489,
    0.006258269998915731
   ],
   "trans": [
    0.03050444730561593,
    0.0007153443932578036
   ]
  },
  "top3": {
   "acc": [
    0.9517777777777777,
    0.004085505846855611
   ],
   "fq": [
    0.030549965499613363,
    0.0010992613920886734
   ],
   "perc": [
    0.09687218709981849,
    0.008582769309324162
   ],
   "trans": [
    0.030549965499613363,
    0.0010992613920886734
   ]
  }
 }
}