{
 "config": {
  "batch": 64,
  "control": {
   "digits": [
    0,
    1,
    2
   ],
   "held_terms": [
    [
     0,
     0
    ],
    [
     1,
     1
    ],
    [
     2,
     2
    ]
   ],
   "suts": [
    "exact",
    "addmult",
    "top1",
    "top3",
    "minmax",
    "ltn_product",
    "ltn_godel"
   ],
   "train_terms": [
    [
     0,
     2
    ],
    [
     1,
     1
    ],
    [
     2,
     0
    ]
   ]
  },
  "epochs": 6,
  "hidden": 128,
  "lr": 0.001,
  "n_test": 1500,
  "n_train": 3000,
  "seeds": [
   0,
   1,
   2
  ],
  "treatment": {
   "grid": 3,
   "held_queries": [
    [
     0
    ],
    [
     2
    ],
    [
     5
    ],
    [
     0,
     1,
     2
    ],
    [
     3,
     4,
     5
    ]
   ],
   "suts": [
    "exact",
    "addmult",
    "top1",
    "top3",
    "minmax",
    "ltn_product",
    "ltn_godel"
   ]
  }
 },
 "config_sha256": "332cbb10f542957862cd65606b0c051bf689cb13c58c5cb8a64946035cf02b3d",
 "control": {
  "addmult": {
   "acc": [
    0.8328888888888889,
    0.108784984439518
   ],
   "trans": [
    0.22131647924220524,
    0.14234420334794776
   ]
  },
  "exact": {
   "acc": [
    0.8328888888888889,
    0.108784984439518
   ],
   "trans": [
    0.22131647924220524,
    0.14234420334794776
   ]
  },
  "ltn_godel": {
   "acc": [
    0.8097777777777778,
    0.1251373566313887
   ],
   "trans": [
    0.23591995398624044,
    0.1511157442933681
   ]
  },
  "ltn_product": {
   "acc": [
    0.7971111111111111,
    0.1354546072205887
   ],
   "trans": [
    0.23004596789085516,
    0.148100056702856
   ]
  },
  "minmax": {
   "acc": [
    0.8097777777777778,
    0.1251373566313887
   ],
   "trans": [
    0.23591995398624044,
    0.1511157442933681
   ]
  },
  "top1": {
   "acc": [
    0.9873333333333333,
    0.005524356842069352
   ],
   "trans": [
    0.019398991521354044,
    0.003525715833600051
   ]
  },
  "top3": {
   "acc": [
    0.8328888888888889,
    0.108784984439518
   ],
   "trans": [
    0.22131647924220524,
    0.14234420334794778
   ]
  }
 },
 "experiment": "E5-mnist",
 "package_version": "0.1.0.dev0",
 "treatment": {
  "addmult": {
   "acc": [
    0.9344444444444444,
    0.005820355934981674
   ],
   "fq": [
    0.04001699716994511,
    0.0012155898362667613
   ],
   "perc": [
    0.15972289637762774,
    0.01586342327935734
   ],
   "trans": [
    0.03978996977456856,
    0.0016246127063425653
   ]
  },
  "exact": {
   "acc": [
    0.9517777777777777,
    0.0029979416807182635
   ],
   "fq": [
    0.030634365748376524,
    0.000883987710505853
   ],
   "perc": [
    0.09702689618073278,
    0.00808185956972928
   ],
   "trans": [
    0.030634365748376524,
    0.000883987710505853
   ]
  },
  "ltn_godel": {
   "acc": [
    0.9395555555555556,
    0.005717635702341607
   ],
   "fq": [
    0.03563562255767814,
    0.0015527879257363332
   ],
   "perc": [
    0.14042808131420878,
    0.00614916716567954
   ],
   "trans": [
    0.03834751349915081,
    0.0023440583262517426
   ]
  },
  "ltn_product": {
   "acc": [
    0.947111111111111,
    0.002060804110110137
   ],
   "fq": [
    0.033095924200109754,
    0.0015704020543649108
   ],
   "perc": [
    0.11666445616721303,
    0.006972515879751232
   ],
   "trans": [
    0.03306823816301465,
    0.0018821886528606708
   ]
  },
  "minmax": {
   "acc": [
    0.9395555555555556,
    0.005717635702341607
   ],
   "fq": [
    0.03563562255767814,
    0.0015527879257363332
   ],
   "perc": [
    0.14042808131420878,
    0.00614916716567954
   ],
   "trans": [
    0.03834751349915081,
    0.0023440583262517426
   ]
  },
  "top1": {
   "acc": [
    0.9506666666666668,
    0.0024944382578492965
   ],
   "fq": [
    0.0305169280595957,
    0.0007711482113489193
   ],
   "perc": [
    0.09514558066040489,
    0.006258269998915731
   ],
   "trans": [
    0.03050444730561593,
    0.0007153443932578036
   ]
  },
  "top3": {
   "acc": [
    0.9517777777777777,
    0.004085505846855611
   ],
   "fq": [
    0.030549965499613366,
    0.0010992613920886762
   ],
   "perc": [
    0.0968721870998185,
    0.00858276930932417
   ],
   "trans": [
    0.030549965499613366,
    0.0010992613920886762
   ]
  }
 }
}