{
 "config": {
  "batch": 64,
  "control": {
   "digits": [
    0,
    1,
    2
   ],
   "held_terms": [
    [
     0,
     0
    ],
    [
     1,
     1
    ],
    [
     2,
     2
    ]
   ],
   "suts": [
    "exact",
    "addmult",
    "top1",
    "top3",
    "minmax",
    "ltn_product",
    "ltn_godel"
   ],
   "train_terms": [
    [
     0,
     2
    ],
    [
     1,
     1
    ],
    [
     2,
     0
    ]
   ]
  },
  "epochs": 6,
  "hidden": 128,
  "lr": 0.001,
  "n_test": 1500,
  "n_train": 3000,
  "seeds": [
   0,
   1,
   2,
   3,
   4
  ],
  "treatment": {
   "grid": 3,
   "held_queries": [
    [
     0
    ],
    [
     2
    ],
    [
     5
    ],
    [
     0,
     1,
     2
    ],
    [
     3,
     4,
     5
    ]
   ],
   "suts": [
    "exact",
    "addmult",
    "top1",
    "top3",
    "minmax",
    "ltn_product",
    "ltn_godel"
   ]
  }
 },
 "config_sha256": "dc95cd6dd217b6a7ed57dd92c1d5a631d4557693065c16f10b2fd254a2b04e3e",
 "control": {
  "addmult": {
   "acc": [
    0.7941333333333334,
    0.09689343516347111
   ],
   "trans": [
    0.26044428686404497,
    0.1204994949441145
   ]
  },
  "exact": {
   "acc": [
    0.7941333333333334,
    0.09689343516347111
   ],
   "trans": [
    0.26044428686404497,
    0.1204994949441145
   ]
  },
  "ltn_godel": {
   "acc": [
    0.7689333333333334,
    0.10913689670419544
   ],
   "trans": [
    0.27525683712305893,
    0.12742570950458482
   ]
  },
  "ltn_product": {
   "acc": [
    0.7577333333333334,
    0.1155382380186077
   ],
   "trans": [
    0.2677683941713114,
    0.12429570531573356
   ]
  },
  "minmax": {
   "acc": [
    0.7689333333333334,
    0.10913689670419544
   ],
   "trans": [
    0.27525683712305893,
    0.12742570950458482
   ]
  },
  "top1": {
   "acc": [
    0.9869333333333333,
    0.004891716354091762
   ],
   "trans": [
    0.019597119694489094,
    0.0045103883233146925
   ]
  },
  "top3": {
   "acc": [
    0.7941333333333334,
    0.09689343516347111
   ],
   "trans": [
    0.2604442868640452,
    0.1204994949441146
   ]
  }
 },
 "experiment": "E5-mnist",
 "package_version": "0.1.0.dev0",
 "treatment": {
  "addmult": {
   "acc": [
    0.93,
    0.011329411085998936
   ],
   "fq": [
    0.040062562783040837,
    0.003426057699823815
   ],
   "perc": [
    0.1695212388612658,
    0.038182051681602366
   ],
   "trans": [
    0.03973212280703028,
    0.004031475648300219
   ]
  },
  "exact": {
   "acc": [
    0.9545333333333333,
    0.006188160739131889
   ],
   "fq": [
    0.0302653006407896,
    0.0009156360816970496
   ],
   "perc": [
    0.09650977978491662,
    0.008950749231805988
   ],
   "trans": [
    0.0302653006407896,
    0.0009156360816970496
   ]
  },
  "ltn_godel": {
   "acc": [
    0.9426666666666665,
    0.007204936579256683
   ],
   "fq": [
    0.03579605071887793,
    0.0012927244656767629
   ],
   "perc": [
    0.14101266015189778,
    0.005867542638360582
   ],
   "trans": [
    0.03854203519408328,
    0.0022149105035637992
   ]
  },
  "ltn_product": {
   "acc": [
    0.95,
    0.004320493798938591
   ],
   "fq": [
    0.03172485587064945,
    0.002203930997691832
   ],
   "perc": [
    0.11130095521492096,
    0.011592053250470385
   ],
   "trans": [
    0.03174709846711722,
    0.0022272374963510067
   ]
  },
  "minmax": {
   "acc": [
    0.9426666666666665,
    0.007204936579256683
   ],
   "fq": [
    0.03579605071887793,
    0.0012927244656767629
   ],
   "perc": [
    0.14101266015189778,
    0.005867542638360582
   ],
   "trans": [
    0.03854203519408328,
    0.0022149105035637992
   ]
  },
  "top1": {
   "acc": [
    0.9528000000000001,
    0.004995998398718704
   ],
   "fq": [
    0.029927660249823452,
    0.0009563416467884673
   ],
   "perc": [
    0.09471917237650385,
    0.007615496682341068
   ],
   "trans": [
    0.029948258817897238,
    0.0008931571236104683
   ]
  },
  "top3": {
   "acc": [
    0.9551999999999999,
    0.006358196809368724
   ],
   "fq": [
    0.03012357058614599,
    0.001081047379242319
   ],
   "perc": [
    0.09578459904154842,
    0.008725725951658249
   ],
   "trans": [
    0.03012357058614599,
    0.001081047379242319
   ]
  }
 }
}