{
 "experiment": "E5b",
 "package_version": "0.1.0.dev0",
 "registered_predictions": [
  "P1 monotone decrease",
  "P2 reversal at eta=0.5",
  "P3 anchor at eta=0"
 ],
 "summary": {
  "exact@0.0": {
   "cal": [
    0.38654415605079967,
    0.2757318418125172
   ],
   "trans": [
    0.22131647924220524,
    0.14234420334794776
   ]
  },
  "exact@0.15": {
   "cal": [
    0.24053600461536287,
    0.249649868686897
   ],
   "trans": [
    0.13457870061340357,
    0.06573288733432779
   ]
  },
  "exact@0.3": {
   "cal": [
    0.2812008767570125,
    0.1280304012742349
   ],
   "trans": [
    0.14168163469492212,
    0.012599970307514394
   ]
  },
  "exact@0.5": {
   "cal": [
    0.3513788008430838,
    0.06984052567071088
   ],
   "trans": [
    0.09797526016463602,
    0.010027303820382957
   ]
  },
  "minmax@0.0": {
   "cal": [
    0.4012508192303117,
    0.2759395127469384
   ],
   "trans": [
    0.23591995398624044,
    0.1511157442933681
   ]
  },
  "minmax@0.15": {
   "cal": [
    0.0648266423458918,
    0.0030515124971613483
   ],
   "trans": [
    0.07222345222862107,
    0.006021403950558346
   ]
  },
  "minmax@0.3": {
   "cal": [
    0.29045275981136526,
    0.14221745316809517
   ],
   "trans": [
    0.11736688919516332,
    0.0333142735797714
   ]
  },
  "minmax@0.5": {
   "cal": [
    0.27862238379980564,
    0.026980601636364312
   ],
   "trans": [
    0.11264342676592505,
    0.012306415183212575
   ]
  },
  "top1@0.0": {
   "cal": [
    0.009873482140134785,
    0.0022385780457731376
   ],
   "trans": [
    0.019398991521354044,
    0.003525715833600051
   ]
  },
  "top1@0.15": {
   "cal": [
    0.19913621456181377,
    0.08245856342470317
   ],
   "trans": [
    0.20965063138850834,
    0.06339126132356118
   ]
  },
  "top1@0.3": {
   "cal": [
    0.24937106349704496,
    0.0003385636899324632
   ],
   "trans": [
    0.17784559065985395,
    0.004575215118140362
   ]
  },
  "top1@0.5": {
   "cal": [
    0.244325669342167,
    0.027342140669400262
   ],
   "trans": [
    0.13779840919025602,
    0.014959202936089619
   ]
  }
 },
 "verdict": {
  "P1_monotone_decrease": false,
  "P2_reversal_at_05": true,
  "advantage_curve": {
   "0.0": 0.2019174877208512,
   "0.15": -0.07507193077510477,
   "0.3": -0.036163955964931827,
   "0.5": -0.039823149025619994
  }
 }
}