{
 "experiment": "E5b",
 "package_version": "0.1.0.dev0",
 "registered_predictions": [
  "P1 monotone decrease",
  "P2 reversal at eta=0.5",
  "P3 anchor at eta=0"
 ],
 "summary": {
  "exact@0.0": {
   "cal": [
    0.38654415605079967,
    0.2757318418125172
   ],
   "trans": [
    0.22131647924220524,
    0.14234420334794776
   ]
  },
  "exact@0.15": {
   "cal": [
    0.24053600461536287,
    0.249649868686897
   ],
   "trans": [
    0.13457870061340357,
    0.06573288733432779
   ]
  },
  "exact@0.3": {
   "cal": [
    0.2812008767570124,
    0.12803040127423485
   ],
   "trans": [
    0.1416816346949221,
    0.012599970307514405
   ]
  },
  "exact@0.5": {
   "cal": [
    0.3513788008430838,
    0.06984052567071089
   ],
   "trans": [
    0.09797526016463602,
    0.01002730382038298
   ]
  },
  "ltn_godel@0.0": {
   "cal": [
    0.4012508192303117,
    0.2759395127469384
   ],
   "trans": [
    0.23591995398624044,
    0.1511157442933681
   ]
  },
  "ltn_godel@0.15": {
   "cal": [
    0.0648266423458918,
    0.0030515124971613483
   ],
   "trans": [
    0.07222345222862107,
    0.006021403950558334
   ]
  },
  "ltn_godel@0.3": {
   "cal": [
    0.29045275981136526,
    0.14221745316809517
   ],
   "trans": [
    0.11736688919516332,
    0.0333142735797714
   ]
  },
  "ltn_godel@0.5": {
   "cal": [
    0.27862238379980564,
    0.0269806016363643
   ],
   "trans": [
    0.11264342676592505,
    0.012306415183212587
   ]
  },
  "ltn_product@0.0": {
   "cal": [
    0.39732327960025077,
    0.2790430351979424
   ],
   "trans": [
    0.2300459678908552,
    0.148100056702856
   ]
  },
  "ltn_product@0.15": {
   "cal": [
    0.17571289929561015,
    0.15383583290449684
   ],
   "trans": [
    0.08960447814829285,
    0.011791893183579278
   ]
  },
  "ltn_product@0.3": {
   "cal": [
    0.2676533628958714,
    0.13063254731128635
   ],
   "trans": [
    0.15264425955687919,
    0.023187162873373336
   ]
  },
  "ltn_product@0.5": {
   "cal": [
    0.35906759174819186,
    0.06656480704404821
   ],
   "trans": [
    0.11316301883388002,
    0.0061315823187023605
   ]
  },
  "minmax@0.0": {
   "cal": [
    0.4012508192303117,
    0.2759395127469384
   ],
   "trans": [
    0.23591995398624044,
    0.1511157442933681
   ]
  },
  "minmax@0.15": {
   "cal": [
    0.0648266423458918,
    0.0030515124971613483
   ],
   "trans": [
    0.07222345222862107,
    0.006021403950558334
   ]
  },
  "minmax@0.3": {
   "cal": [
    0.29045275981136526,
    0.14221745316809517
   ],
   "trans": [
    0.11736688919516332,
    0.0333142735797714
   ]
  },
  "minmax@0.5": {
   "cal": [
    0.27862238379980564,
    0.0269806016363643
   ],
   "trans": [
    0.11264342676592505,
    0.012306415183212587
   ]
  },
  "top1@0.0": {
   "cal": [
    0.009873482140134785,
    0.0022385780457731376
   ],
   "trans": [
    0.019398991521354044,
    0.0035257158336000505
   ]
  },
  "top1@0.15": {
   "cal": [
    0.19913621456181377,
    0.08245856342470316
   ],
   "trans": [
    0.20965063138850837,
    0.06339126132356118
   ]
  },
  "top1@0.3": {
   "cal": [
    0.24937106349704496,
    0.0003385636899324632
   ],
   "trans": [
    0.17784559065985395,
    0.004575215118140362
   ]
  },
  "top1@0.5": {
   "cal": [
    0.24432566934216693,
    0.027342140669400147
   ],
   "trans": [
    0.1377984091902559,
    0.014959202936089466
   ]
  }
 },
 "verdict": {
  "P1_monotone_decrease": false,
  "P2_reversal_at_05": true,
  "advantage_curve": {
   "0.0": 0.2019174877208512,
   "0.15": -0.0750719307751048,
   "0.3": -0.036163955964931854,
   "0.5": -0.03982314902561988
  }
 }
}