{
 "config": {
  "control": {
   "domain": 3,
   "truth_seeds_base": 200
  },
  "optimizer": {
   "lr": 0.05,
   "steps": 4000
  },
  "seeds": 5,
  "suts": [
   "exact",
   "addmult",
   "addmult_st",
   "top1",
   "top3",
   "minmax",
   "ltn_product",
   "ltn_godel"
  ],
  "treatment": {
   "held_queries": [
    [
     0
    ],
    [
     1
    ],
    [
     2
    ],
    [
     3
    ],
    [
     0,
     1,
     2
    ]
   ],
   "structure": {
    "L": 3,
    "P": 4,
    "c": 2
   },
   "train_queries": [
    [
     0,
     1
    ],
    [
     0,
     2
    ],
    [
     0,
     3
    ],
    [
     1,
     2
    ],
    [
     1,
     3
    ],
    [
     2,
     3
    ],
    [
     0,
     1,
     2,
     3
    ]
   ],
   "truth_seeds_base": 100
  }
 },
 "config_sha256": "cff818b7239016273a33b963c5b5efe356cfaedbded242614f453dd8e20c1d7c",
 "control": {
  "addmult": {
   "trans": [
    0.009898381850693288,
    0.019796763700924654
   ]
  },
  "addmult_st": {
   "trans": [
    0.009898381850693288,
    0.019796763700924654
   ]
  },
  "exact": {
   "trans": [
    0.009898381850693288,
    0.019796763700924654
   ]
  },
  "ltn_godel": {
   "trans": [
    0.07107554578052364,
    0.05947099411796639
   ]
  },
  "ltn_product": {
   "trans": [
    0.05013601307091762,
    0.04096995382857026
   ]
  },
  "minmax": {
   "trans": [
    0.07107554578052364,
    0.05947099411796639
   ]
  },
  "top1": {
   "trans": [
    0.14841658903489668,
    0.076195292243255
   ]
  },
  "top3": {
   "trans": [
    0.0098983818506933,
    0.019796763700924678
   ]
  }
 },
 "experiment": "E6-facttable",
 "package_version": "0.1.0.dev0",
 "treatment": {
  "addmult": {
   "fact_mae": [
    0.12769044655044323,
    0.03001513391018969
   ],
   "facts_q": [
    0.12306242519649283,
    0.04233217971270765
   ],
   "trans": [
    0.10148906265850399,
    0.028850821936481322
   ]
  },
  "addmult_st": {
   "fact_mae": [
    0.12769044655044323,
    0.03001513391018969
   ],
   "facts_q": [
    0.12306242519649283,
    0.04233217971270765
   ],
   "trans": [
    0.10148906265850399,
    0.028850821936481322
   ]
  },
  "exact": {
   "fact_mae": [
    0.028867026557932073,
    0.016897003041622425
   ],
   "facts_q": [
    7.862773718225748e-09,
    1.570395173496577e-08
   ],
   "trans": [
    7.862773720446192e-09,
    1.5703951739388444e-08
   ]
  },
  "ltn_godel": {
   "fact_mae": [
    0.27219330423490246,
    0.06089465164354389
   ],
   "facts_q": [
    0.21194369583017475,
    0.03953742014186574
   ],
   "trans": [
    0.09490822507385836,
    0.04540791132699432
   ]
  },
  "ltn_product": {
   "fact_mae": [
    0.1104544827755837,
    0.028814085455813473
   ],
   "facts_q": [
    0.08055871240101538,
    0.02029654223402672
   ],
   "trans": [
    0.07124225720371524,
    0.0165065719121242
   ]
  },
  "minmax": {
   "fact_mae": [
    0.27219330423490246,
    0.06089465164354389
   ],
   "facts_q": [
    0.21194369583017475,
    0.03953742014186574
   ],
   "trans": [
    0.09490822507385836,
    0.04540791132699432
   ]
  },
  "top1": {
   "fact_mae": [
    0.19050065911950378,
    0.04920187300155935
   ],
   "facts_q": [
    0.11327983953455867,
    0.04546423574203868
   ],
   "trans": [
    0.10854944617866473,
    0.05239556982810733
   ]
  },
  "top3": {
   "fact_mae": [
    0.040920629531735496,
    0.01709929540804951
   ],
   "facts_q": [
    0.003571722777225021,
    0.0028665672693547434
   ],
   "trans": [
    0.0035717227772250225,
    0.002866567269354744
   ]
  }
 }
}