{
 "config": {
  "alpha": 1.2,
  "batch": 64,
  "control": {
   "held_terms": [
    [
     0,
     0
    ],
    [
     1,
     1
    ],
    [
     2,
     2
    ]
   ],
   "pA_true": [
    0.5,
    0.3,
    0.2
   ],
   "pB_true": [
    0.3,
    0.4,
    0.3
   ],
   "suts": [
    "exact",
    "addmult",
    "addmult_st",
    "top1",
    "top3",
    "minmax",
    "ltn_product",
    "ltn_godel"
   ],
   "train_terms": [
    [
     0,
     2
    ],
    [
     1,
     1
    ],
    [
     2,
     0
    ]
   ]
  },
  "din": 64,
  "epochs": 20,
  "hidden": 16,
  "lr": 0.002,
  "n_test": 1500,
  "n_train": 4000,
  "ncell": 6,
  "pi": 0.55,
  "seeds": [
   0,
   1,
   2,
   3,
   4
  ],
  "treatment": {
   "held_queries": [
    [
     0
    ],
    [
     1
    ],
    [
     2
    ],
    [
     3
    ],
    [
     0,
     1,
     2
    ]
   ],
   "structure": {
    "L": 3,
    "P": 4,
    "c": 2
   },
   "suts": [
    "exact",
    "addmult",
    "addmult_st",
    "top1",
    "top3",
    "minmax",
    "ltn_product",
    "ltn_godel"
   ]
  }
 },
 "config_sha256": "749deb7bbbddc72085c80c1272cd2bba90ab49b4eaf78b7e2c14414595aff0f4",
 "control": {
  "addmult": {
   "acc": [
    0.6685333333333332,
    0.021579414058567746
   ],
   "cal": [
    0.23347428995056774,
    0.1433890393534487
   ],
   "trans": [
    0.14743476939200276,
    0.02454818437418533
   ]
  },
  "addmult_st": {
   "acc": [
    0.6685333333333332,
    0.021579414058567746
   ],
   "cal": [
    0.23347428995056774,
    0.1433890393534487
   ],
   "trans": [
    0.14743476939200276,
    0.02454818437418533
   ]
  },
  "exact": {
   "acc": [
    0.6685333333333332,
    0.021579414058567746
   ],
   "cal": [
    0.23347428995056774,
    0.1433890393534487
   ],
   "trans": [
    0.14743476939200276,
    0.02454818437418533
   ]
  },
  "ltn_godel": {
   "acc": [
    0.672,
    0.024805017413597783
   ],
   "cal": [
    0.21106882716481024,
    0.11766623235360202
   ],
   "trans": [
    0.15853480231081302,
    0.02696877907632504
   ]
  },
  "ltn_product": {
   "acc": [
    0.6637333333333333,
    0.02351963718541026
   ],
   "cal": [
    0.23366005196350784,
    0.14324938391299516
   ],
   "trans": [
    0.14648800953192376,
    0.024086825402661074
   ]
  },
  "minmax": {
   "acc": [
    0.672,
    0.024805017413597783
   ],
   "cal": [
    0.21106882716481024,
    0.11766623235360202
   ],
   "trans": [
    0.15853480231081302,
    0.02696877907632504
   ]
  },
  "top1": {
   "acc": [
    0.6439999999999999,
    0.01662127151173061
   ],
   "cal": [
    0.2958192347502852,
    0.0839885045377049
   ],
   "trans": [
    0.19374976306801492,
    0.015249808626441395
   ]
  },
  "top3": {
   "acc": [
    0.6685333333333332,
    0.021579414058567746
   ],
   "cal": [
    0.23347428995056774,
    0.14338903935344868
   ],
   "trans": [
    0.14743476939200278,
    0.024548184374185357
   ]
  }
 },
 "experiment": "E6-pixels",
 "package_version": "0.1.0.dev0",
 "treatment": {
  "addmult": {
   "acc": [
    0.7353333333333334,
    0.005481281277625176
   ],
   "cal": [
    0.14599479671907895,
    0.004972657483303279
   ],
   "fq": [
    0.10256924560460685,
    0.003959324380816297
   ],
   "trans": [
    0.0938461188148317,
    0.003496135098725031
   ]
  },
  "addmult_st": {
   "acc": [
    0.7353333333333334,
    0.005481281277625176
   ],
   "cal": [
    0.14599479671907895,
    0.004972657483303279
   ],
   "fq": [
    0.10256924560460685,
    0.003959324380816297
   ],
   "trans": [
    0.0938461188148317,
    0.003496135098725031
   ]
  },
  "exact": {
   "acc": [
    0.7419999999999999,
    0.004279148409568333
   ],
   "cal": [
    0.10318607998343717,
    0.0031862832893633478
   ],
   "fq": [
    0.06421020425734157,
    0.0028750619897758463
   ],
   "trans": [
    0.06421020425734157,
    0.0028750619897758463
   ]
  },
  "ltn_godel": {
   "acc": [
    0.7437333333333334,
    0.005491002741859731
   ],
   "cal": [
    0.12689050283780468,
    0.002682276716700036
   ],
   "fq": [
    0.08238173849497947,
    0.0021850808798871586
   ],
   "trans": [
    0.08518021743064425,
    0.003134623637450141
   ]
  },
  "ltn_product": {
   "acc": [
    0.7303999999999999,
    0.005821034654118165
   ],
   "cal": [
    0.12993214728231642,
    0.004345542630013696
   ],
   "fq": [
    0.08724215010619772,
    0.0031535859343376255
   ],
   "trans": [
    0.0829901104790963,
    0.002968895316506034
   ]
  },
  "minmax": {
   "acc": [
    0.7437333333333334,
    0.005491002741859731
   ],
   "cal": [
    0.12689050283780468,
    0.002682276716700036
   ],
   "fq": [
    0.08238173849497947,
    0.0021850808798871586
   ],
   "trans": [
    0.08518021743064425,
    0.003134623637450141
   ]
  },
  "top1": {
   "acc": [
    0.7430666666666667,
    0.0036660605559646884
   ],
   "cal": [
    0.10596415973197004,
    0.0032958292124815004
   ],
   "fq": [
    0.07106366010172278,
    0.0035556263252392393
   ],
   "trans": [
    0.06985621648467014,
    0.0034643793790716435
   ]
  },
  "top3": {
   "acc": [
    0.742,
    0.004482063017059118
   ],
   "cal": [
    0.10331152451095782,
    0.0032471930189556897
   ],
   "fq": [
    0.06446179119395903,
    0.0030056299612392376
   ],
   "trans": [
    0.06446179119395903,
    0.0030056299612392376
   ]
  }
 }
}