{
 "config": {
  "alpha": 1.2,
  "batch": 64,
  "control": {
   "held_terms": [
    [
     0,
     0
    ],
    [
     1,
     1
    ],
    [
     2,
     2
    ]
   ],
   "pA_true": [
    0.5,
    0.3,
    0.2
   ],
   "pB_true": [
    0.3,
    0.4,
    0.3
   ],
   "suts": [
    "exact",
    "addmult",
    "addmult_st",
    "top1",
    "top3",
    "minmax",
    "ltn_product",
    "ltn_godel"
   ],
   "train_terms": [
    [
     0,
     2
    ],
    [
     1,
     1
    ],
    [
     2,
     0
    ]
   ]
  },
  "din": 64,
  "epochs": 20,
  "hidden": 16,
  "lr": 0.002,
  "n_test": 1500,
  "n_train": 4000,
  "ncell": 6,
  "pi": 0.55,
  "seeds": [
   0,
   1,
   2
  ],
  "treatment": {
   "held_queries": [
    [
     0
    ],
    [
     1
    ],
    [
     2
    ],
    [
     3
    ],
    [
     0,
     1,
     2
    ]
   ],
   "structure": {
    "L": 3,
    "P": 4,
    "c": 2
   },
   "suts": [
    "exact",
    "addmult",
    "addmult_st",
    "top1",
    "top3",
    "minmax",
    "ltn_product",
    "ltn_godel"
   ]
  }
 },
 "config_sha256": "1ce81c18ed7be7575f4d799900c16384391efee97ea4f862e24e766d7c92a2de",
 "control": {
  "addmult": {
   "acc": [
    0.673111111111111,
    0.005173531878587938
   ],
   "cal": [
    0.19184749450689584,
    0.09759836055036525
   ],
   "trans": [
    0.1496449774118095,
    0.02757030409736141
   ]
  },
  "addmult_st": {
   "acc": [
    0.673111111111111,
    0.005173531878587938
   ],
   "cal": [
    0.19184749450689584,
    0.09759836055036525
   ],
   "trans": [
    0.1496449774118095,
    0.02757030409736141
   ]
  },
  "exact": {
   "acc": [
    0.673111111111111,
    0.005173531878587938
   ],
   "cal": [
    0.19184749450689584,
    0.09759836055036525
   ],
   "trans": [
    0.1496449774118095,
    0.02757030409736141
   ]
  },
  "ltn_godel": {
   "acc": [
    0.6773333333333333,
    0.00762063475532542
   ],
   "cal": [
    0.18126255197276667,
    0.0840073061612902
   ],
   "trans": [
    0.15995578656321643,
    0.027291758418586887
   ]
  },
  "ltn_product": {
   "acc": [
    0.6668888888888889,
    0.004121608220220306
   ],
   "cal": [
    0.19292759657699968,
    0.10029970003042234
   ],
   "trans": [
    0.14617750746720004,
    0.025290699137942636
   ]
  },
  "minmax": {
   "acc": [
    0.6773333333333333,
    0.00762063475532542
   ],
   "cal": [
    0.18126255197276667,
    0.0840073061612902
   ],
   "trans": [
    0.15995578656321643,
    0.027291758418586887
   ]
  },
  "top1": {
   "acc": [
    0.6564444444444445,
    0.002572408200620058
   ],
   "cal": [
    0.25043559259216835,
    0.0659637300998637
   ],
   "trans": [
    0.18912912763938805,
    0.01648036667893975
   ]
  },
  "top3": {
   "acc": [
    0.673111111111111,
    0.005173531878587938
   ],
   "cal": [
    0.19184749450689584,
    0.0975983605503652
   ],
   "trans": [
    0.14964497741180952,
    0.027570304097361442
   ]
  }
 },
 "experiment": "E6-pixels",
 "package_version": "0.1.0.dev0",
 "treatment": {
  "addmult": {
   "acc": [
    0.7342222222222222,
    0.005871042139387946
   ],
   "cal": [
    0.14524023120374616,
    0.0023276320182410155
   ],
   "fq": [
    0.10106857982973516,
    0.0023040483792213283
   ],
   "trans": [
    0.09255648837708191,
    0.0019880056760652118
   ]
  },
  "addmult_st": {
   "acc": [
    0.7342222222222222,
    0.005871042139387946
   ],
   "cal": [
    0.14524023120374616,
    0.0023276320182410155
   ],
   "fq": [
    0.10106857982973516,
    0.0023040483792213283
   ],
   "trans": [
    0.09255648837708191,
    0.0019880056760652118
   ]
  },
  "exact": {
   "acc": [
    0.7399999999999999,
    0.004455541701280773
   ],
   "cal": [
    0.10122226985354305,
    0.002691079141775306
   ],
   "fq": [
    0.06240459336531431,
    0.002354087256837805
   ],
   "trans": [
    0.06240459336531431,
    0.002354087256837805
   ]
  },
  "ltn_godel": {
   "acc": [
    0.7422222222222222,
    0.006584681062235129
   ],
   "cal": [
    0.1281617726358966,
    0.002140897152491364
   ],
   "fq": [
    0.08372015303011338,
    0.0011002651755295935
   ],
   "trans": [
    0.08497192867317553,
    0.003901495804403838
   ]
  },
  "ltn_product": {
   "acc": [
    0.7264444444444443,
    0.004532461789860269
   ],
   "cal": [
    0.12970956277902987,
    0.004674213533977521
   ],
   "fq": [
    0.08655786732204619,
    0.0027174464234964754
   ],
   "trans": [
    0.08233001431278392,
    0.002748687263140125
   ]
  },
  "minmax": {
   "acc": [
    0.7422222222222222,
    0.006584681062235129
   ],
   "cal": [
    0.1281617726358966,
    0.002140897152491364
   ],
   "fq": [
    0.08372015303011338,
    0.0011002651755295935
   ],
   "trans": [
    0.08497192867317553,
    0.003901495804403838
   ]
  },
  "top1": {
   "acc": [
    0.7437777777777778,
    0.004565030796483161
   ],
   "cal": [
    0.10454419955783228,
    0.003569479707333719
   ],
   "fq": [
    0.06931612907408749,
    0.0034963363178254115
   ],
   "trans": [
    0.06813800343685987,
    0.0034604556375090636
   ]
  },
  "top3": {
   "acc": [
    0.7395555555555555,
    0.004228066131208988
   ],
   "cal": [
    0.10139062114914243,
    0.0028881881695352668
   ],
   "fq": [
    0.06268561391628212,
    0.002656000398294466
   ],
   "trans": [
    0.06268561391628212,
    0.002656000398294466
   ]
  }
 }
}