{
 "curves": {
  "convergent (fixed point)": [
   [
    0.6630523066926576,
    0.7046422640964551,
    0.7056755829903978,
    0.7043534762833009,
    0.7057974153490723,
    0.7154492455418381,
    0.7157335210454119,
    0.7042496931629485,
    0.7059914446610354,
    0.7088116381488702,
    0.7118529348061512,
    0.7059733954227131,
    0.7129674752725436,
    0.7097141000649773,
    0.7093170168218901,
    0.7068623204100787,
    0.7104947296224099,
    0.7112392607031984,
    0.7094884845859505,
    0.7102375279763194
   ],
   [
    0.698341540012407,
    0.7296496975806451,
    0.7350001938585607,
    0.7391003024193549,
    0.7365268300248139,
    0.7329307537220844,
    0.7305075217121588,
    0.727672340260546,
    0.7280939826302729,
    0.7260633142059554,
    0.7274833281637717,
    0.72233153691067,
    0.7228549550248139,
    0.7239647952853597,
    0.7205334987593052,
    0.7202717897022333,
    0.7202572503101736,
    0.7255059708436725,
    0.7198356079404467,
    0.7141700915012407
   ],
   [
    0.7004367843229843,
    0.7353606421910046,
    0.7418250501711722,
    0.7434824696021721,
    0.7418156061858104,
    0.7454515405501122,
    0.7455932003305394,
    0.746093731554716,
    0.7482469602172117,
    0.7443088183213317,
    0.745092669106363,
    0.7438980049580923,
    0.7449321213552119,
    0.7388596387675599,
    0.7418581041199386,
    0.747430055483414,
    0.7449321213552119,
    0.7433030338802975,
    0.7419808759296423,
    0.741357572895762
   ]
  ],
  "truncated (n=4 < depth 6)": [
   [
    0.45600498158977687,
    0.45600498158977687,
    0.45600498158977687,
    0.45600498158977687,
    0.45600498158977687,
    0.45600498158977687,
    0.45600498158977687,
    0.45600498158977687,
    0.45600498158977687,
    0.45600498158977687,
    0.45600498158977687,
    0.45600498158977687,
    0.45600498158977687,
    0.45600498158977687,
    0.45600498158977687,
    0.45600498158977687,
    0.45600498158977687,
    0.45600498158977687,
    0.45600498158977687,
    0.45600498158977687
   ],
   [
    0.4942666330645161,
    0.4942666330645161,
    0.4942666330645161,
    0.4942666330645161,
    0.4942666330645161,
    0.4942666330645161,
    0.4942666330645161,
    0.4942666330645161,
    0.4942666330645161,
    0.4942666330645161,
    0.4942666330645161,
    0.4942666330645161,
    0.4942666330645161,
    0.4942666330645161,
    0.4942666330645161,
    0.4942666330645161,
    0.4942666330645161,
    0.4942666330645161,
    0.4942666330645161,
    0.4942666330645161
   ],
   [
    0.5201416597804274,
    0.5201416597804274,
    0.5201416597804274,
    0.5201416597804274,
    0.5201416597804274,
    0.5201416597804274,
    0.5201416597804274,
    0.5201416597804274,
    0.5201416597804274,
    0.5201416597804274,
    0.5201416597804274,
    0.5201416597804274,
    0.5201416597804274,
    0.5201416597804274,
    0.5201416597804274,
    0.5201416597804274,
    0.5201416597804274,
    0.5201416597804274,
    0.5201416597804274,
    0.5201416597804274
   ]
  ]
 },
 "experiment": "E7",
 "final_auc": {
  "convergent (fixed point)": [
   0.7219217307911073,
   0.013836671871207181
  ],
  "truncated (n=4 < depth 6)": [
   0.49013775814490684,
   0.026345955773250412
  ]
 },
 "package_version": "0.1.0.dev0"
}