{
 "accuracy": {
  "2": {
   "2": [
    0.9819999999999999,
    0.02545584412271573
   ],
   "3": [
    0.948,
    0.038609152628187336
   ],
   "4": [
    0.17933333333333334,
    0.021746008573733447
   ],
   "5": [
    0.15733333333333333,
    0.007363574011458181
   ],
   "6": [
    0.156,
    0.008164965809277268
   ],
   "7": [
    0.14600000000000002,
    0.016573070526208076
   ],
   "8": [
    0.13933333333333334,
    0.006182412330330462
   ],
   "9": [
    0.12533333333333332,
    0.019955506062794354
   ],
   "10": [
    0.13266666666666668,
    0.01552059563576375
   ]
  },
  "4": {
   "2": [
    0.9819999999999999,
    0.02545584412271573
   ],
   "3": [
    0.948,
    0.038609152628187336
   ],
   "4": [
    0.8773333333333332,
    0.08298326471176114
   ],
   "5": [
    0.8186666666666667,
    0.11249098729330372
   ],
   "6": [
    0.164,
    0.0226862660362314
   ],
   "7": [
    0.16466666666666666,
    0.021312489817527716
   ],
   "8": [
    0.1406666666666667,
    0.010873004286866723
   ],
   "9": [
    0.12866666666666668,
    0.00659966329107445
   ],
   "10": [
    0.11866666666666666,
    0.01087300428686673
   ]
  },
  "8": {
   "2": [
    0.9819999999999999,
    0.02545584412271573
   ],
   "3": [
    0.948,
    0.038609152628187336
   ],
   "4": [
    0.8773333333333332,
    0.08298326471176114
   ],
   "5": [
    0.8186666666666667,
    0.11249098729330372
   ],
   "6": [
    0.7986666666666666,
    0.11230118234264301
   ],
   "7": [
    0.75,
    0.12744672089413156
   ],
   "8": [
    0.7586666666666666,
    0.09871620378078204
   ],
   "9": [
    0.7333333333333334,
    0.12128570493764802
   ],
   "10": [
    0.14333333333333334,
    0.01247219128924647
   ]
  },
  "convergent": {
   "2": [
    0.9819999999999999,
    0.02545584412271573
   ],
   "3": [
    0.948,
    0.038609152628187336
   ],
   "4": [
    0.8773333333333332,
    0.08298326471176114
   ],
   "5": [
    0.8186666666666667,
    0.11249098729330372
   ],
   "6": [
    0.7986666666666666,
    0.11230118234264301
   ],
   "7": [
    0.75,
    0.12744672089413156
   ],
   "8": [
    0.7586666666666666,
    0.09871620378078204
   ],
   "9": [
    0.7333333333333334,
    0.12128570493764802
   ],
   "10": [
    0.726,
    0.1301486329803992
   ]
  }
 },
 "config": {
  "budgets": [
   2,
   4,
   8,
   "convergent"
  ],
  "lr": 0.05,
  "n_test_per_k": 500,
  "n_train": 2000,
  "seeds": [
   0,
   1,
   2
  ],
  "steps": 3000,
  "test_k": [
   2,
   3,
   4,
   5,
   6,
   7,
   8,
   9,
   10
  ],
  "train_k": [
   2,
   3
  ]
 },
 "config_sha256": "d708f3b629a262280821255819883061ed5c26a68e64ec0eae3c594147e89dc6",
 "experiment": "E8",
 "first_k_below_chance_plus": {
  "2": 4,
  "4": 6,
  "8": 10
 },
 "package_version": "0.1.0.dev0",
 "relations": {
  "('F', -1)": "daughter",
  "('F', -2)": "granddaughter",
  "('F', 0)": "sister",
  "('F', 1)": "mother",
  "('F', 2)": "grandmother",
  "('M', -1)": "son",
  "('M', -2)": "grandson",
  "('M', 0)": "brother",
  "('M', 1)": "father",
  "('M', 2)": "grandfather"
 },
 "table_accuracy": [
  0.8846153846153847,
  0.05439282932204213
 ]
}