{
 "accuracy": {
  "2": {
   "2": [
    0.9892,
    0.02160000000000002
   ],
   "3": [
    0.9616,
    0.03607547643483034
   ],
   "4": [
    0.17600000000000002,
    0.017435595774162687
   ],
   "5": [
    0.17359999999999998,
    0.022068982758613954
   ],
   "6": [
    0.146,
    0.01414213562373095
   ],
   "7": [
    0.15120000000000003,
    0.01541946821391711
   ],
   "8": [
    0.13440000000000002,
    0.01646329250180534
   ],
   "9": [
    0.128,
    0.021908902300206645
   ],
   "10": [
    0.122,
    0.017933209417167917
   ]
  },
  "4": {
   "2": [
    0.9892,
    0.02160000000000002
   ],
   "3": [
    0.9616,
    0.03607547643483034
   ],
   "4": [
    0.9123999999999999,
    0.08041293428298708
   ],
   "5": [
    0.8716000000000002,
    0.11294175490047956
   ],
   "6": [
    0.164,
    0.019677398201998146
   ],
   "7": [
    0.176,
    0.026015380066414562
   ],
   "8": [
    0.1396,
    0.010613199329137277
   ],
   "9": [
    0.13440000000000002,
    0.008890444308357148
   ],
   "10": [
    0.1196,
    0.016847551750922146
   ]
  },
  "8": {
   "2": [
    0.9892,
    0.02160000000000002
   ],
   "3": [
    0.9616,
    0.03607547643483034
   ],
   "4": [
    0.9123999999999999,
    0.08041293428298708
   ],
   "5": [
    0.8716000000000002,
    0.11294175490047956
   ],
   "6": [
    0.8495999999999999,
    0.11682739404780028
   ],
   "7": [
    0.8240000000000001,
    0.14017703092875097
   ],
   "8": [
    0.8236000000000001,
    0.12111085830758528
   ],
   "9": [
    0.8108000000000001,
    0.1412775990735969
   ],
   "10": [
    0.152,
    0.02043526363911168
   ]
  },
  "convergent": {
   "2": [
    0.9892,
    0.02160000000000002
   ],
   "3": [
    0.9616,
    0.03607547643483034
   ],
   "4": [
    0.9123999999999999,
    0.08041293428298708
   ],
   "5": [
    0.8716000000000002,
    0.11294175490047956
   ],
   "6": [
    0.8495999999999999,
    0.11682739404780028
   ],
   "7": [
    0.8240000000000001,
    0.14017703092875097
   ],
   "8": [
    0.8236000000000001,
    0.12111085830758528
   ],
   "9": [
    0.8108000000000001,
    0.1412775990735969
   ],
   "10": [
    0.8016,
    0.14705862776457557
   ]
  }
 },
 "config": {
  "budgets": [
   2,
   4,
   8,
   "convergent"
  ],
  "lr": 0.05,
  "n_test_per_k": 500,
  "n_train": 2000,
  "seeds": [
   0,
   1,
   2,
   3,
   4
  ],
  "steps": 3000,
  "test_k": [
   2,
   3,
   4,
   5,
   6,
   7,
   8,
   9,
   10
  ],
  "train_k": [
   2,
   3
  ]
 },
 "config_sha256": "01c8f5e33132702317fb3ad838b1eff83e19239d1410bf6c06fe6ddaa6b45c7a",
 "experiment": "E8",
 "first_k_below_chance_plus": {
  "2": 4,
  "4": 6,
  "8": 10
 },
 "package_version": "0.1.0.dev0",
 "relations": {
  "('F', -1)": "daughter",
  "('F', -2)": "granddaughter",
  "('F', 0)": "sister",
  "('F', 1)": "mother",
  "('F', 2)": "grandmother",
  "('M', -1)": "son",
  "('M', -2)": "grandson",
  "('M', 0)": "brother",
  "('M', 1)": "father",
  "('M', 2)": "grandfather"
 },
 "table_accuracy": [
  0.9153846153846155,
  0.061538461538461535
 ]
}