{
 "gradient_liveness": {
  "exact-wmc": 1.0,
  "add-mult(clamped)": 0.6111111111111112,
  "top-1-proofs": 0.4982762607762608,
  "top-3-proofs": 0.8319567777901112,
  "min-max-prob": 0.1660920869254202
 },
 "negation": {
  "stratified_ok": true,
  "unsafe": [
   "a",
   "b",
   "c",
   "d",
   "h",
   "t"
  ],
  "oscillation": [
   1.0,
   0.0,
   1.0,
   0.0,
   1.0,
   0.0
  ]
 },
 "e7": {
  "convergent (fixed point)": [
   0.7219187225847202,
   0.013839212533852384
  ],
  "truncated (n=4 < depth 6)": [
   0.49013775814490684,
   0.026345955773250412
  ]
 },
 "treatment": {
  "exact": {
   "acc": [
    0.7399999999999999,
    0.004455541701280773
   ],
   "cal": [
    0.10122226985354309,
    0.0026910791417753188
   ],
   "trans": [
    0.06240459336531432,
    0.0023540872568378083
   ],
   "fq": [
    0.06240459336531432,
    0.0023540872568378083
   ]
  },
  "addmult": {
   "acc": [
    0.7342222222222222,
    0.005871042139387946
   ],
   "cal": [
    0.14524023120374438,
    0.0023276320182399122
   ],
   "trans": [
    0.09255648837708143,
    0.001988005676064621
   ],
   "fq": [
    0.10106857982973445,
    0.002304048379220789
   ]
  },
  "top1": {
   "acc": [
    0.7437777777777778,
    0.004565030796483161
   ],
   "cal": [
    0.10454420189521398,
    0.0035694764017820246
   ],
   "trans": [
    0.06813800501834184,
    0.0034604534695410593
   ],
   "fq": [
    0.06931613053482873,
    0.003496334383168098
   ]
  },
  "top3": {
   "acc": [
    0.7395555555555555,
    0.004228066131208988
   ],
   "cal": [
    0.10139062114914249,
    0.002888188169535265
   ],
   "trans": [
    0.06268561391628213,
    0.002656000398294471
   ],
   "fq": [
    0.06268561391628213,
    0.002656000398294471
   ]
  },
  "minmax": {
   "acc": [
    0.7422222222222222,
    0.006584681062235129
   ],
   "cal": [
    0.1281617726358966,
    0.0021408971524913565
   ],
   "trans": [
    0.08497192867317553,
    0.0039014958044038322
   ],
   "fq": [
    0.08372015303011339,
    0.0011002651755295891
   ]
  }
 },
 "control": {
  "exact": {
   "acc": [
    0.673111111111111,
    0.005173531878587938
   ],
   "cal": [
    0.1918474983866887,
    0.09759835766198555
   ],
   "trans": [
    0.14964498383952096,
    0.027570298674846044
   ]
  },
  "addmult": {
   "acc": [
    0.673111111111111,
    0.005173531878587938
   ],
   "cal": [
    0.1918474983866887,
    0.09759835766198555
   ],
   "trans": [
    0.14964498383952096,
    0.027570298674846044
   ]
  },
  "top1": {
   "acc": [
    0.6564444444444445,
    0.002572408200620058
   ],
   "cal": [
    0.2504355925740342,
    0.06596373009971482
   ],
   "trans": [
    0.18912912784964755,
    0.016480366901542344
   ]
  },
  "minmax": {
   "acc": [
    0.6773333333333333,
    0.00762063475532542
   ],
   "cal": [
    0.18126255197276667,
    0.08400730616129018
   ],
   "trans": [
    0.1599557865632165,
    0.027291758418586873
   ]
  }
 }
}